{"branches": 47.368421052631575, "coverage": 83.24946081955427}