{"branches": 38.15789473684211, "coverage": 66.76176890156918}