{"branches": 63.04347826086957, "coverage": 92.2465208747515}